title,url
FY 2015-16,https://cdn.shopify.com/s/files/1/0674/9614/9171/files/FY_2015-16.pdf?v=1724654515
FY 2016-17,https://cdn.shopify.com/s/files/1/0674/9614/9171/files/FY_2016-17.pdf?v=1724654515
FY 2018-19,https://cdn.shopify.com/s/files/1/0674/9614/9171/files/FY_2018-19.pdf?v=1724654515
FY 2019-20,https://cdn.shopify.com/s/files/1/0674/9614/9171/files/FY_2019-20.pdf?v=1724654512
FY 2020-21,https://cdn.shopify.com/s/files/1/0674/9614/9171/files/FY_2020-21.pdf?v=1724654512
FY 2021-22,https://cdn.shopify.com/s/files/1/0674/9614/9171/files/FY_2021-22.pdf?v=1724654511
FY 2022-23,https://cdn.shopify.com/s/files/1/0674/9614/9171/files/FY_2022-23.pdf?v=1724654511
FY 2023-24,https://cdn.shopify.com/s/files/1/0674/9614/9171/files/FY_2023-24.pdf?v=1725882645
FY 2024-25,https://cdn.shopify.com/s/files/1/0653/9830/9053/files/Integreted_Annual_Report_2024-25.pdf?v=1756976988
Annual_Return_31_March_2023,https://cdn.shopify.com/s/files/1/0653/9830/9053/files/Annual_Return_31_March_2023.pdf?v=1778307333
Annual_Return_31_March_2024,https://cdn.shopify.com/s/files/1/0653/9830/9053/files/Annual_Return_31_March_2024.pdf?v=1778307334
Annual_Return_31_March_2025,https://cdn.shopify.com/s/files/1/0653/9830/9053/files/Annual_Return_31_March_2025.pdf?v=1778307333
Intimation of BM_30.06.2016,https://cdn.shopify.com/s/files/1/0674/9614/9171/files/Intimation_of_BM_30.06.2019.pdf?v=1724655153
Intimation of BM_30.09.2016,https://cdn.shopify.com/s/files/1/0674/9614/9171/files/Intimation_of_BM_30.09.2019.pdf?v=1724655152
Intimation of BM_31.03.2018,https://cdn.shopify.com/s/files/1/0674/9614/9171/files/Intimation_of_BM_31.03.2020.pdf?v=1724655153
Intimation of BM_31.12.2016,https://cdn.shopify.com/s/files/1/0674/9614/9171/files/Intimation_of_BM_31.12.2019.pdf?v=1724655153
Intimation of Adjournment Meeting_31.03.2020,https://cdn.shopify.com/s/files/1/0674/9614/9171/files/Intimation_of_BM_31.03.2020_0057cbd0-e6f5-40b7-b2c3-ad39bbc4bd62.pdf?v=1724655859
Intimation of BM_30.06.2020,https://cdn.shopify.com/s/files/1/0674/9614/9171/files/Intimation_of_BM_30.06.2020_595da034-9cb0-4eb0-83ca-ff39a770fe35.pdf?v=1724656029
Intimation of BM_30.09.2020,https://cdn.shopify.com/s/files/1/0674/9614/9171/files/Intimation_of_BM_30.09.2020_0a414806-66c5-466d-ad75-09b516014b1a.pdf?v=1724656029
Intimation of BM_31.03.2021,https://cdn.shopify.com/s/files/1/0674/9614/9171/files/Intimation_of_BM_31.03.2021_47e0bbbc-8acd-406f-87ef-da90891705e9.pdf?v=1724656029
Intimation of BM_31.12.2020,https://cdn.shopify.com/s/files/1/0674/9614/9171/files/Intimation_of_BM_31.12.2020_2b08abbb-2eb0-47c6-a572-2d5547c78980.pdf?v=1724656029
Intimation of BM_30.06.2021,https://cdn.shopify.com/s/files/1/0674/9614/9171/files/Intimation_of_BM_30.06.2021.pdf?v=1724656184
Intimation of BM_30.09.2021,https://cdn.shopify.com/s/files/1/0674/9614/9171/files/Intimation_of_BM_30.09.2021.pdf?v=1724656184
Intimation of BM_31.12.2021,https://cdn.shopify.com/s/files/1/0674/9614/9171/files/Intimation_of_BM_31.12.2021.pdf?v=1724656184
Intimation of BM_31.03.2022,https://cdn.shopify.com/s/files/1/0674/9614/9171/files/Intimation_of_BM_31.03.2022.pdf?v=1724656184
Intimation of BM_30.06.2022,https://cdn.shopify.com/s/files/1/0674/9614/9171/files/Intimation_of_BM_30.06.2022.pdf?v=1724656269
Intimation of BM_30.09.2022,https://cdn.shopify.com/s/files/1/0674/9614/9171/files/Intimation_of_BM_30.09.2022.pdf?v=1724656269
Intimation of BM_31.12.2022,https://cdn.shopify.com/s/files/1/0674/9614/9171/files/Intimation_of_BM_31.12.2022.pdf?v=1724656269
Intimation of BM_31.03.2023,https://cdn.shopify.com/s/files/1/0674/9614/9171/files/Intimation_of_BM_31.03.2023.pdf?v=1724656270
Intimation of BM_30.06.2023,https://cdn.shopify.com/s/files/1/0674/9614/9171/files/Intimation_of_BM_30.06.2023.pdf?v=1724656365
Intimation of BM_30.09.2023,https://cdn.shopify.com/s/files/1/0674/9614/9171/files/Intimation_of_BM_30.09.2023.pdf?v=1724656365
Intimation of BM_31.12.2023,https://cdn.shopify.com/s/files/1/0674/9614/9171/files/Intimation_of_BM_31.12.2023.pdf?v=1724656365
Intimation of BM_23.03.2024,https://cdn.shopify.com/s/files/1/0674/9614/9171/files/Intimation_of_BM_23.03.2024.pdf?v=1724656365
Intimation of BM_31.03.2024,https://cdn.shopify.com/s/files/1/0674/9614/9171/files/Intimation_of_BM_31.03.2024.pdf?v=1724656366
Intimation of Postponement of BM_31.03.2024,https://cdn.shopify.com/s/files/1/0674/9614/9171/files/Intimation_of_Postponement_of_BM_31.03.2024.pdf?v=1724656366
BM_Intimation-27.05.2024,https://cdn.shopify.com/s/files/1/0674/9614/9171/files/BM_Intimation-27.05.2024.pdf?v=1726811568
BM_Intimation_for_Postponement_and_Rescheduling_of_Board_Meeting-27.05.2024.pdf,https://cdn.shopify.com/s/files/1/0674/9614/9171/files/BM_Intimation_for_Postponement_and_Rescheduling_of_Board_Meeting-27.05.2024.pdf?v=1726811568
Intimation of BM_03.06.2024,https://cdn.shopify.com/s/files/1/0674/9614/9171/files/Intimation_of_BM_30.06.2024.pdf?v=1724656605
BM_Intimation-15.06.2024.pdf,https://cdn.shopify.com/s/files/1/0674/9614/9171/files/BM_Intimation-15.06.2024.pdf?v=1726811568
BM_Intimation_for_Postponement_and_Rescheduling_of_Board_Meeting-15.06.2024,https://cdn.shopify.com/s/files/1/0674/9614/9171/files/BM_Intimation_for_Postponement_and_Rescheduling_of_Board_Meeting-15.06.2024.pdf?v=1726811567
Intimation_of_BM_12.08.2024,https://cdn.shopify.com/s/files/1/0674/9614/9171/files/Intimation_of_BM_12.08.2024.pdf?v=1724656604
Intimation_of_BM_29.10.2024,https://cdn.shopify.com/s/files/1/0674/9614/9171/files/Intimation_BM_29.10.2024.pdf?v=1731496275
Intimation_of_BM_13.11.2024,https://cdn.shopify.com/s/files/1/0674/9614/9171/files/Intimation_of_BM_13.11.2024.pdf?v=1731496275
BM Intimation-UFR-13.02.2025,https://cdn.shopify.com/s/files/1/0674/9614/9171/files/BM_Intimation-UFR-13.02.2025.pdf?v=1762340988
BM Intimation-Interim Dividend-20.02.2025,https://cdn.shopify.com/s/files/1/0674/9614/9171/files/BM_Intimation-Interim_Dividend-20.02.2025.pdf?v=1762340988
BM Intimation-21.05.2025,https://cdn.shopify.com/s/files/1/0674/9614/9171/files/BM_Intimation-21.05.2025.pdf?v=1762341611
BM Intimation-29.05.2025,https://cdn.shopify.com/s/files/1/0674/9614/9171/files/BM_Intimation-29.05.2025.pdf?v=1762341611
BM Intimation-Interim Dividend-24.07.2025,https://cdn.shopify.com/s/files/1/0674/9614/9171/files/BM_Intimation-Interim_Dividend-24.07.2025.pdf?v=1762341611
BM Intimation-06.08.2025,https://cdn.shopify.com/s/files/1/0674/9614/9171/files/BM_Intimation-06.08.2025.pdf?v=1762341610
BM Intimation_06.11.2025,https://cdn.shopify.com/s/files/1/0674/9614/9171/files/BM_Intimation_06.11.2025.pdf?v=1762496107
BM Intimation-UFR-04.02.2026,https://cdn.shopify.com/s/files/1/0653/9830/9053/files/BM_Intimation-UFR-04.02.2026.pdf?v=1771319205
BM Intimation-UFR-22.05.2026,https://cdn.shopify.com/s/files/1/0653/9830/9053/files/BM_Intimation_AFR_22.05.2026.pdf?v=1781589588
Outcome of BM_30.06.2016 UFR,https://cdn.shopify.com/s/files/1/0674/9614/9171/files/Outcome_of_BM_30.09.2019_UFR.pdf?v=1724657065
Outcome of BM_31.03.2017 UFR,https://cdn.shopify.com/s/files/1/0674/9614/9171/files/Outcome_of_BM_31.03.2020_AFR_Revised.pdf?v=1724657067
Outcome of BM_31.12.2016 UFR,https://cdn.shopify.com/s/files/1/0674/9614/9171/files/Outcome_of_BM_31.12.2019.pdf?v=1724657065
Outcome of BM_30.06.2017 UFR,https://cdn.shopify.com/s/files/1/0674/9614/9171/files/Outcome_of_BM_30.06.2019_UFR.pdf?v=1724657065
Outcome of BM_30.06.2020 UFR,https://cdn.shopify.com/s/files/1/0674/9614/9171/files/Outcome_of_BM_30.06.2020_UFR.pdf?v=1724663121
Outcome of BM_30.09.2020 UFR,https://cdn.shopify.com/s/files/1/0674/9614/9171/files/Outcome_of_BM_30.09.2020_UFR.pdf?v=1724663121
Outcome of BM_31.03.2021 UFR,https://cdn.shopify.com/s/files/1/0674/9614/9171/files/Outcome_of_BM_31.03.2021_AFR.pdf?v=1724663122
Outcome of BM_31.12.2020 UFR,https://cdn.shopify.com/s/files/1/0674/9614/9171/files/Outcome_of_BM_31.12.2020_UFR.pdf?v=1724663121
Outcome of BM_30.06.2021 UFR,https://cdn.shopify.com/s/files/1/0674/9614/9171/files/Outcome_of_BM_30.06.2021_UFR.pdf?v=1724663492
Outcome of BM_30.09.2021 UFR,https://cdn.shopify.com/s/files/1/0674/9614/9171/files/Outcome_of_BM_30.09.2021_UFR.pdf?v=1724663492
Outcome of BM_31.12.2021 UFR,https://cdn.shopify.com/s/files/1/0674/9614/9171/files/Outcome_of_BM_31.12.2021_UFR.pdf?v=1724663491
Outcome of BM_31.03.2022 UFR,https://cdn.shopify.com/s/files/1/0674/9614/9171/files/Outcome_of_BM_31.03.2022_AFR.pdf?v=1724663494
Outcome of BM_30.06.2022 UFR,https://cdn.shopify.com/s/files/1/0674/9614/9171/files/Outcome_of_BM_30.06.2022_UFR.pdf?v=1724663712
Outcome of BM_30.09.2022 UFR,https://cdn.shopify.com/s/files/1/0674/9614/9171/files/Outcome_of_BM_30.09.2022_UFR.pdf?v=1724663711
Outcome of BM_31.12.2022 UFR,https://cdn.shopify.com/s/files/1/0674/9614/9171/files/Outcome_of_BM_31.12.2022_UFR.pdf?v=1724663709
Outcome of BM_31.03.2023 UFR,https://cdn.shopify.com/s/files/1/0674/9614/9171/files/Outcome_of_BM_31.03.2023_AFR.pdf?v=1724663711
Outcome of BM_13.06.2023,https://cdn.shopify.com/s/files/1/0674/9614/9171/files/Outcome_of_BM_13.06.2023_ced24fd7-d9ad-4fa4-b82f-25602fbf74cc.pdf?v=1724665899
Outcome of BM_17.04.2023,https://cdn.shopify.com/s/files/1/0674/9614/9171/files/Outcome_of_BM_17.04.2023_d19c7d2f-1648-4d11-ad06-a591d6a53948.pdf?v=1724665902
Outcome of BM_22.07.2023,https://cdn.shopify.com/s/files/1/0674/9614/9171/files/Outcome_of_BM_22.07.2023_694b7b9c-0c92-441e-ac0b-cdc532a8219f.pdf?v=1724665901
Outcome of BM_23.08.2023,https://cdn.shopify.com/s/files/1/0674/9614/9171/files/Outcome_of_BM_23.08.2023_78699674-601d-4429-ac40-15238f7a0fc5.pdf?v=1724665900
Outcome of BM_27.06.2023,https://cdn.shopify.com/s/files/1/0674/9614/9171/files/Outcome_of_BM_27.06.2023_5cf211ad-7963-4fc2-bccc-2eb4cfed5d8a.pdf?v=1724665901
Outcome of BM_30.06.2023,https://cdn.shopify.com/s/files/1/0674/9614/9171/files/Outcome_of_BM_30.06.2023_UFR_6b484027-4757-444e-9248-113bec86c301.pdf?v=1724665902
UFR Outcome of BM_30.09.2023,https://cdn.shopify.com/s/files/1/0674/9614/9171/files/Outcome_of_BM_30.09.2023_UFR.pdf?v=1724665414
UFR Outcome of BM_31.12.2023,https://cdn.shopify.com/s/files/1/0674/9614/9171/files/Outcome_of_BM_31.12.2023_UFR.pdf?v=1724665414
UFR Outcome of BM_31.12.2023 UFR_Revised,https://cdn.shopify.com/s/files/1/0674/9614/9171/files/Outcome_of_BM_31.12.2023_UFR_Revised_cce3fecf-fa64-4684-8f20-020563822fc1.pdf?v=1724665902
Outcome of BM_28.03.2024,https://cdn.shopify.com/s/files/1/0674/9614/9171/files/Outcome_of_BM_28.03.2024_55f22337-1ad9-4f9a-8d8e-5192293124d6.pdf?v=1724665902
Outcome of BM_31.03.2024 AFR,https://cdn.shopify.com/s/files/1/0674/9614/9171/files/Outcome_of_BM_31.03.2024_AFR_58aa1843-7569-49f3-b34b-41dde53fbc7b.pdf?v=1724665902
BM_Outcome-30.05.2024,https://cdn.shopify.com/s/files/1/0674/9614/9171/files/BM_Outcome-30.05.2024.pdf?v=1726812640
BM_Outcome-19.06.2024,https://cdn.shopify.com/s/files/1/0674/9614/9171/files/BM_Outcome-19.06.2024.pdf?v=1726812639
BM_Outcome-12.08.2024,https://cdn.shopify.com/s/files/1/0674/9614/9171/files/BM_Outcome-12.08.2024.pdf?v=1726812640
BM_Outcome-29.08.2024,https://cdn.shopify.com/s/files/1/0674/9614/9171/files/BM_Outcome-29.08.2024.pdf?v=1726812639
BM_outcome-02.09.2024,https://cdn.shopify.com/s/files/1/0674/9614/9171/files/BM_outcome-02.09.2024.pdf?v=1726812640
BM_Outcome_30.09.2024,https://cdn.shopify.com/s/files/1/0653/9830/9053/files/BM_Outcome_30.09.2024.pdf?v=1735794103
BM_Outcome_29.10.2024,https://cdn.shopify.com/s/files/1/0674/9614/9171/files/BM_Outcome_29.10.2024.pdf?v=1731498321
BM_Outcome_13.11.2024,https://cdn.shopify.com/s/files/1/0674/9614/9171/files/BM_Outcome_13.11.2024.pdf?v=1731498322
BM_Outcome_16.12.2024,https://cdn.shopify.com/s/files/1/0674/9614/9171/files/BM_Outcome_16.12.2024_1.pdf?v=1735637898
BM_Outcome_23.12.2024,https://cdn.shopify.com/s/files/1/0674/9614/9171/files/BM_Outcome_23.12.2024.pdf?v=1735637988
BM_Outcome_27.12.2024,https://cdn.shopify.com/s/files/1/0674/9614/9171/files/BM_Outcome_27.12.2024.pdf?v=1735638193
BM_Outcome_02.01.2025,https://cdn.shopify.com/s/files/1/0653/9830/9053/files/BM_Outcome_02.01.2025.pdf?v=1735888352
BM Outcome_01.02.2025,https://cdn.shopify.com/s/files/1/0674/9614/9171/files/BM_Outcome_01.02.2025.pdf?v=1762342150
BM Outcome_13.02.2025,https://cdn.shopify.com/s/files/1/0674/9614/9171/files/BM_Outcome_13.02.2025.pdf?v=1762342150
Outcome_of_BM_25.02.2025,https://cdn.shopify.com/s/files/1/0653/9830/9053/files/Aayush_Outcome_of_BM.pdf?v=1740995297
Outcome_of_BM_26.04.2025,https://cdn.shopify.com/s/files/1/0636/5226/6115/files/BM_Outcome_26.04.2025.pdf?v=1745906838
Outcome_of_BM_31.03.2025,https://cdn.shopify.com/s/files/1/0636/5226/6115/files/Aayush-BM_Outcome_AFR_31.03.2025_sd.pdf?v=1748604037
Aayush_BM_Outcome_of_BM_30.05.2025,https://cdn.shopify.com/s/files/1/0636/5226/6115/files/Aayush-BM_Outcome_AFR_31.03.2025_sd_1.pdf?v=1749470646
Aayush_BM_Outcome_of_BM_09.06.2025,https://cdn.shopify.com/s/files/1/0674/9614/9171/files/BM_Outcome_1.pdf?v=1752237127
Aayush_BM_Outcome_of_BM_20.06.2025,https://cdn.shopify.com/s/files/1/0674/9614/9171/files/Outcome_of_Board_Meeting.pdf?v=1752237129
Aayush_BM_Outcome_of_BM_01.07.2025,https://cdn.shopify.com/s/files/1/0674/9614/9171/files/BM_Outcome.pdf?v=1752237132
Aayush_BM_Outcome_of_BM_11.07.2025,https://cdn.shopify.com/s/files/1/0674/9614/9171/files/BM_Outcome_11.07.2025.pdf?v=1752237134
Initmation Of Board Meeting,https://cdn.shopify.com/s/files/1/0674/9614/9171/files/Intimation_of_Board_Meeting_Upload.pdf?v=1753677734
Outcome of Board Meeting,https://cdn.shopify.com/s/files/1/0674/9614/9171/files/Outcome_of_Board_Meeting_Upload.pdf?v=1754118564
Outcome of Board Meeting,https://cdn.shopify.com/s/files/1/0674/9614/9171/files/outcome_of_BM.pdf?v=1755001950
Outcome of Board Meeting 03.09.2025,https://cdn.shopify.com/s/files/1/0653/9830/9053/files/BM_Outcome_Uploaded.pdf?v=1757066316
Outcome of Board Meeting 04.09.2025,https://cdn.shopify.com/s/files/1/0653/9830/9053/files/Outcome_of_Board_Meeting_Upload.pdf?v=1757066316
BM Outcome-09.06.2025,https://cdn.shopify.com/s/files/1/0674/9614/9171/files/BM_Outcome-09.06.2025.pdf?v=1762342288
BM Outcome-16.08.2024,https://cdn.shopify.com/s/files/1/0674/9614/9171/files/BM_Outcome-16.08.2024.pdf?v=1762342288
BM-Outcome-31-03-2026,https://cdn.shopify.com/s/files/1/0674/9614/9171/files/BM_Outcome_31.03.2026.pdf?v=1775023777
Outcome of Board Meeting 21.05.2026 Appointment of Auditor,https://cdn.shopify.com/s/files/1/0653/9830/9053/files/Outcome_of_Board_Meeting_21.05.2026_Appointment_of_Auditor.pdf?v=1780139633
Dec-16,https://cdn.shopify.com/s/files/1/0674/9614/9171/files/Dec_2019_UFR.pdf?v=1724657875
Jun-16,https://cdn.shopify.com/s/files/1/0674/9614/9171/files/June_2019_UFR_8a7b29de-5d6b-4bff-9039-70005b6511f4.pdf?v=1724666645
Mar-17,https://cdn.shopify.com/s/files/1/0674/9614/9171/files/March_2020_AFR_209e2f6a-477b-4299-8a6c-d1197fb036b3.pdf?v=1724666646
Sep-16,https://cdn.shopify.com/s/files/1/0674/9614/9171/files/Sept_2019_UFR_a2753cf7-d8d9-4691-aed5-08673c3407a7.pdf?v=1724666646
Dec-17,https://cdn.shopify.com/s/files/1/0674/9614/9171/files/Dec_2020_UFR.pdf?v=1724666791
Jun-20,https://cdn.shopify.com/s/files/1/0674/9614/9171/files/June_2020_UFR.pdf?v=1724666794
Mar-21,https://cdn.shopify.com/s/files/1/0674/9614/9171/files/March_2021_AFR.pdf?v=1724666795
Dec-21,https://cdn.shopify.com/s/files/1/0674/9614/9171/files/Dec_2021_36dd7011-df05-4374-bbab-1b5b6a87b025.pdf?v=1724841474
Jun-21,https://cdn.shopify.com/s/files/1/0674/9614/9171/files/June_2021_7a0a5a9b-6c6c-4063-b610-fdcd141e4539.pdf?v=1724841475
Mar-22,https://cdn.shopify.com/s/files/1/0674/9614/9171/files/March_2022_6550a43e-2670-44b2-9127-992eb7ba864b.pdf?v=1724841475
Sep-21,https://cdn.shopify.com/s/files/1/0674/9614/9171/files/Sept_2021_90fc73b8-edb9-451b-b4c1-94c5b0cc2a82.pdf?v=1724841475
Dec-22,https://cdn.shopify.com/s/files/1/0674/9614/9171/files/Dec_2022_UFR.pdf?v=1724841827
Jun-22,https://cdn.shopify.com/s/files/1/0674/9614/9171/files/June_2022_UFR.pdf?v=1724841830
Mar-23,https://cdn.shopify.com/s/files/1/0674/9614/9171/files/March_2023_AFR.pdf?v=1724841828
Sep-22,https://cdn.shopify.com/s/files/1/0674/9614/9171/files/Sept_2022_UFR.pdf?v=1724841828
Dec-23,https://cdn.shopify.com/s/files/1/0674/9614/9171/files/Dec_2023_UFR.pdf?v=1724841929
Jun-23,https://cdn.shopify.com/s/files/1/0674/9614/9171/files/June_2023_UFR.pdf?v=1724841928
Sep-23,https://cdn.shopify.com/s/files/1/0674/9614/9171/files/Sept_2023_UFR.pdf?v=1724841929
Postal ballot_02.04.2024,https://cdn.shopify.com/s/files/1/0674/9614/9171/files/Postal_ballot_02.04.2024.pdf?v=1724841931
March 2024_AFR,https://cdn.shopify.com/s/files/1/0674/9614/9171/files/March_2024_AFR.pdf?v=1724841928
Postal_Ballot_Notice-23.07.2024,https://cdn.shopify.com/s/files/1/0674/9614/9171/files/Postal_Ballot_Notice-23.07.2024.pdf?v=1726816220
Newspaper_Adv-AFR_31.03.2024,https://cdn.shopify.com/s/files/1/0674/9614/9171/files/Newapaper_Adv-AFR_31.03.2024.pdf?v=1726815647
Newspaper_Adv-AFR_30.06.2024,https://cdn.shopify.com/s/files/1/0674/9614/9171/files/Newapaper_Adv-UFR_30.06.2024.pdf?v=1726815646
Newspaper_advertisement_-_Notice_of_40th_AGM,https://cdn.shopify.com/s/files/1/0674/9614/9171/files/Newspaper_advertisement_-_Notice_of_40th_AGM.pdf?v=1726815647
Newspaper Advt-UFR-30.09.2024,https://cdn.shopify.com/s/files/1/0674/9614/9171/files/Newspaper_Advt-UFR-30.09.2025.pdf?v=1762344455
Newspaper_Advertisement_-_Shifting_of_RO,https://cdn.shopify.com/s/files/1/0674/9614/9171/files/Newspaper_Advertisement_-_Shifting_of_RO.pdf?v=1728293183
Newspaper Advt-UFR-31.12.2024,https://cdn.shopify.com/s/files/1/0674/9614/9171/files/Newspaper_Advt-UFR-31.12.2024.pdf?v=1762344273
Newspaper Advt-AFR-31.03.2025,https://cdn.shopify.com/s/files/1/0674/9614/9171/files/Newspaper_Advt-AFR-31.03.2025_uploaded_but_need_to_rename.pdf?v=1762344456
Newspaper Advt-UFR-30.06.2025,https://cdn.shopify.com/s/files/1/0674/9614/9171/files/Newspaper_Advt-UFR-30.06.2025.pdf?v=1762344455
Newspaper Advt-UFR-30.09.2025,https://cdn.shopify.com/s/files/1/0653/9830/9053/files/Newspaper_Advt-UFR-30.09.2025.pdf?v=1763199953
Newspaper Advt_AGM_05.09.2025,https://cdn.shopify.com/s/files/1/0653/9830/9053/files/Newspaper_Advt_AGM_05.09.2025.pdf?v=1771319206
Newspaper Advt_UFR_31.03.2026,https://cdn.shopify.com/s/files/1/0653/9830/9053/files/Newspaper_Advt_31.03.2026.pdf?v=1781589589
Trading Window Closure_30.06.2016 UFR,https://cdn.shopify.com/s/files/1/0674/9614/9171/files/Trading_Window_Closure_30.06.2019_UFR.pdf?v=1724674224
Trading Window Closure_30.09.2016 UFR,https://cdn.shopify.com/s/files/1/0674/9614/9171/files/Trading_Window_Closure_30.09.2019_UFR.pdf?v=1724674222
Trading Window Closure_31.03.2017 UFR,https://cdn.shopify.com/s/files/1/0674/9614/9171/files/Trading_Window_Closure_31.03.2020_AFR.pdf?v=1724674224
Trading Window Closure_31.12.2016 UFR,https://cdn.shopify.com/s/files/1/0674/9614/9171/files/Trading_Window_Closure_31.12.2019_UFR.pdf?v=1724674224
Trading Window Closure_30.06.2020 UFR,https://cdn.shopify.com/s/files/1/0674/9614/9171/files/Trading_Window_Closure_30.06.2021_UFR.pdf?v=1724675629
Trading Window Closure_30.09.2020 UFR,https://cdn.shopify.com/s/files/1/0674/9614/9171/files/Trading_Window_Closure_30.09.2020_UFR.pdf?v=1724674684
Trading Window Closure_31.03.2021 UFR,https://cdn.shopify.com/s/files/1/0674/9614/9171/files/Trading_Window_Closure_31.03.2021_AFR.pdf?v=1724674685
Trading Window Closure_31.12.2020 UFR,https://cdn.shopify.com/s/files/1/0674/9614/9171/files/Trading_Window_Closure_31.12.2020_UFR.pdf?v=1724674684
Trading Window Closure_30.09.2021 UFR,https://cdn.shopify.com/s/files/1/0674/9614/9171/files/Trading_Window_Closure_30.09.2021_UFR.pdf?v=1724675629
Trading Window Closure_31.03.2022 UFR,https://cdn.shopify.com/s/files/1/0674/9614/9171/files/Trading_Window_Closure_31.03.2022_AFR.pdf?v=1724675629
Trading Window Closure_31.12.2021 UFR,https://cdn.shopify.com/s/files/1/0674/9614/9171/files/Trading_Window_Closure_31.12.2021_UFR.pdf?v=1724675629
Trading Window Closure_30.06.2022 UFR,https://cdn.shopify.com/s/files/1/0674/9614/9171/files/Trading_Window_Closure_30.06.2022_UFR.pdf?v=1724676053
Trading Window Closure_30.09.2022 UFR,https://cdn.shopify.com/s/files/1/0674/9614/9171/files/Trading_Window_Closure_30.09.2022_UFR.pdf?v=1724676053
Trading Window Closure_31.03.2023 UFR,https://cdn.shopify.com/s/files/1/0674/9614/9171/files/Trading_Window_Closure_31.03.2023_AFR.pdf?v=1724676053
Trading Window Closure_31.12.2022 UFR,https://cdn.shopify.com/s/files/1/0674/9614/9171/files/Trading_Window_Closure_31.12.2022_UFR.pdf?v=1724676053
Trading Window Closure_30.06.2023 UFR,https://cdn.shopify.com/s/files/1/0674/9614/9171/files/Trading_Window_Closure_30.06.2023_UFR.pdf?v=1724676150
Trading Window Closure_30.09.2023 UFR,https://cdn.shopify.com/s/files/1/0674/9614/9171/files/Trading_Window_Closure_30.09.2023_UFR.pdf?v=1724676150
Trading Window Closure_31.12.2023 UFR,https://cdn.shopify.com/s/files/1/0674/9614/9171/files/Trading_Window_Closure_31.12.2023_UFR.pdf?v=1724676150
Trading Window Closure_31.03.2024 AFR,https://cdn.shopify.com/s/files/1/0674/9614/9171/files/Trading_Window_Closure_31.03.2024_AFR.pdf?v=1724676150
Trading Window Closure_30.06.2024 UFR,https://cdn.shopify.com/s/files/1/0674/9614/9171/files/Trading_Window_Closure_30.06.2024_UFR.pdf?v=1724676261
Trading_Window_Closure_30.09.2024 UFR,https://cdn.shopify.com/s/files/1/0674/9614/9171/files/Trading_Window_Closure_30.09.2024_UFR.pdf?v=1727353250
Trading_Window_Closure_26.12.2024 UFR,https://cdn.shopify.com/s/files/1/0653/9830/9053/files/Aayush_Trading_Window_Closure.pdf?v=1735794125
Trading_Window_Closure_25.03.2025 UFR,https://cdn.shopify.com/s/files/1/0653/9830/9053/files/Aayush_Trading_Window_Closure_8850fac1-8311-4359-9a95-b685d4abe119.pdf?v=1742909351
Aayus_Trading_Window_Closure,https://cdn.shopify.com/s/files/1/0636/5226/6115/files/Aayush_Trading_Window_Closure.pdf?v=1750829156
TWC_30.09.2025,https://cdn.shopify.com/s/files/1/0636/5226/6115/files/TWC_30.09.2025.pdf?v=1758717243
TWC_31.12.2025,https://cdn.shopify.com/s/files/1/0674/9614/9171/files/TWC_31.12.2025.pdf?v=1767072248
TW Closure-31.03.2026,https://cdn.shopify.com/s/files/1/0674/9614/9171/files/TW_Closure-31.03.2026.pdf?v=1776075313
Book Closure_2016 AGM,https://cdn.shopify.com/s/files/1/0674/9614/9171/files/Book_Closure_2016_AGM.pdf?v=1724676630
Book Closure_2017 AGM,https://cdn.shopify.com/s/files/1/0674/9614/9171/files/Book_closure_2017_AGM.pdf?v=1724676631
Book Closure_2018 AGM,https://cdn.shopify.com/s/files/1/0674/9614/9171/files/Book_closure_2018_AGM.pdf?v=1724676630
Book Closure_2019 AGM,https://cdn.shopify.com/s/files/1/0674/9614/9171/files/Book_closure_2019_AGM.pdf?v=1724676629
Book Closure_2020 AGM,https://cdn.shopify.com/s/files/1/0674/9614/9171/files/Book_closure_2020_AGM.pdf?v=1724676630
Book Closure_2021 AGM,https://cdn.shopify.com/s/files/1/0674/9614/9171/files/Book_closure_2021_AGM.pdf?v=1724676630
Book Closure_2022 AGM,https://cdn.shopify.com/s/files/1/0674/9614/9171/files/Book_closure_2022_AGM.pdf?v=1724676628
Book Closure_2023 AGM,https://cdn.shopify.com/s/files/1/0674/9614/9171/files/Book_closure_2023_AGM.pdf?v=1724676628
Book Closure_2024 AGM,https://cdn.shopify.com/s/files/1/0674/9614/9171/files/Book_Closure__2024_AGM.pdf?v=1731500799
Book Closure_2025 AGM,https://cdn.shopify.com/s/files/1/0674/9614/9171/files/Book_Closure_2025_AGM.pdf?v=1762342670
Notice of AGM 2016,https://cdn.shopify.com/s/files/1/0674/9614/9171/files/Notice_of_AGM_2016.pdf?v=1724677820
Notice of AGM 2017,https://cdn.shopify.com/s/files/1/0674/9614/9171/files/Notice_of_AGM_2017.pdf?v=1724677821
Notice of AGM 2018,https://cdn.shopify.com/s/files/1/0674/9614/9171/files/Notice_of_AGM_2018.pdf?v=1724677820
Notice of AGM 2019,https://cdn.shopify.com/s/files/1/0674/9614/9171/files/Notice_of_AGM_2019.pdf?v=1724677819
Notice of AGM 2020,https://cdn.shopify.com/s/files/1/0674/9614/9171/files/Notice_of_AGM_2020.pdf?v=1724677821
Notice of AGM 2021,https://cdn.shopify.com/s/files/1/0674/9614/9171/files/Notice_of_AGM_2021.pdf?v=1724677820
Notice of AGM 2022,https://cdn.shopify.com/s/files/1/0674/9614/9171/files/Notice_of_AGM_2022.pdf?v=1724677818
Notice of AGM 2023,https://cdn.shopify.com/s/files/1/0674/9614/9171/files/Notice_of_AGM_2023.pdf?v=1724677818
Notice of AGM 2024,https://cdn.shopify.com/s/files/1/0674/9614/9171/files/Notice_of_AGM_2024.pdf?v=1725883019
Notice_of_AGM 2025,https://cdn.shopify.com/s/files/1/0653/9830/9053/files/NOTICE_OF_AGM_afe06042-3959-4c04-b479-14db637ba68c.pdf?v=1756976988
Notice of postal ballot 28.03.2024,https://cdn.shopify.com/s/files/1/0674/9614/9171/files/Notice_of_Postal_Ballot_28.03.2024.pdf?v=1724677818
Intimation of Record Date & Split 24.07.2024,https://cdn.shopify.com/s/files/1/0674/9614/9171/files/Intimation_of_Record_Date_Split_24.07.2024.pdf?v=1724678386
Notice_of_Postal_Ballot_29.10.2024,https://cdn.shopify.com/s/files/1/0674/9614/9171/files/Notice_of_Postal_Ballot_29.10.2024.pdf?v=1731500893
Scrutinizer Report_2016 AGM,https://cdn.shopify.com/s/files/1/0674/9614/9171/files/Scrutinizer_Report_2016_AGM.pdf?v=1724736884
Scrutinizer Report_2017 AGM,https://cdn.shopify.com/s/files/1/0674/9614/9171/files/Scrutinizer_Report_2017_AGM.pdf?v=1724736885
Scrutinizer Report_2018 AGM,https://cdn.shopify.com/s/files/1/0674/9614/9171/files/Scrutinizer_Report_2018_AGM.pdf?v=1724736885
Scrutinizer Report_2019 AGM,https://cdn.shopify.com/s/files/1/0674/9614/9171/files/Scrutinizer_Report_2019_AGM.pdf?v=1724736884
Scrutinizer Report_2020 AGM,https://cdn.shopify.com/s/files/1/0674/9614/9171/files/Scrutinizer_Report_2020_AGM.pdf?v=1724736885
Scrutinizer Report_2021 AGM,https://cdn.shopify.com/s/files/1/0674/9614/9171/files/Scrutinizer_Report_2021_AGM.pdf?v=1724736885
Scrutinizer Report_2022 AGM,https://cdn.shopify.com/s/files/1/0674/9614/9171/files/Scrutinizer_Report_2022_AGM.pdf?v=1724736885
Scrutinizer Report_2023 AGM,https://cdn.shopify.com/s/files/1/0674/9614/9171/files/Scrutinizer_Report_2023_AGM.pdf?v=1724736884
Scrutinizer Report Postal Ballot 02.12.2024,https://cdn.shopify.com/s/files/1/0674/9614/9171/files/Scrutinizer_Report_Postal_Ballot_02.12.2024.pdf?v=1762346270
Scrutinizer Report Postal Ballot 24.07.2024,https://cdn.shopify.com/s/files/1/0674/9614/9171/files/Scrutinizer_Report_Postal_Ballot_24.07.2024.pdf?v=17623462701
Scrutinizer Report Postal Ballot AGM 27.09.2025,https://cdn.shopify.com/s/files/1/0674/9614/9171/files/Scrutinizer_Report_Postal_Ballot_AGM_27.09.2025.pdf?v=1762346270
Voting Results_2016 AGM,https://cdn.shopify.com/s/files/1/0674/9614/9171/files/Voting_Results_2016_AGM.pdf?v=1724765112
Voting Results_2017 AGM,https://cdn.shopify.com/s/files/1/0674/9614/9171/files/Voting_Results_2017_AGM.pdf?v=1724765112
Voting Results_2018 AGM,https://cdn.shopify.com/s/files/1/0674/9614/9171/files/Voting_Results_2018_AGM.pdf?v=1724765113
Voting Results_2019 AGM,https://cdn.shopify.com/s/files/1/0674/9614/9171/files/Voting_Results_2019_AGM.pdf?v=1724765112
Voting Results_2020 AGM,https://cdn.shopify.com/s/files/1/0674/9614/9171/files/Voting_Results_2020_AGM.pdf?v=1724765111
Voting Results_2021 AGM,https://cdn.shopify.com/s/files/1/0674/9614/9171/files/Voting_Results_2021_AGM.pdf?v=1724765112
Voting Results_2022 AGM,https://cdn.shopify.com/s/files/1/0674/9614/9171/files/Voting_Results_2022_AGM.pdf?v=1724765114
Voting Results_Postal ballot_06.05.2024,https://cdn.shopify.com/s/files/1/0674/9614/9171/files/Voting_Results_Postal_ballot_06.05.2024.pdf?v=1724765112
Voting Results_Postal ballot_24.07.2024,https://cdn.shopify.com/s/files/1/0674/9614/9171/files/Voting_Results___Scrutinizer_Report.pdf?v=1724827954
Voting_result_2024_AGM,https://cdn.shopify.com/s/files/1/0674/9614/9171/files/Voting_result_2024_AGM.pdf?v=1731501772
Voting_result_postal ballot_02.12.2024,https://cdn.shopify.com/s/files/1/0674/9614/9171/files/Voting_result_postal_ballot_02.12.2024.pdf?v=1762346960
Press_Release-29.10.2024,https://cdn.shopify.com/s/files/1/0653/9830/9053/files/Press_Release_29.10.2024.pdf?v=1730194124
Press_Release-28.10.2024,https://cdn.shopify.com/s/files/1/0653/9830/9053/files/Press_Release_-_28.10.2024.pdf?v=1730194124
Press_Release-19.06.2024,https://cdn.shopify.com/s/files/1/0674/9614/9171/files/Press_Release-19.06.2024.pdf?v=1726816228
Press_Release_-_24.06.2024,https://cdn.shopify.com/s/files/1/0674/9614/9171/files/Press_Release_-_24.06.2024.pdf?v=1732862291
Press Release- Website announcement 03.07.2024,https://cdn.shopify.com/s/files/1/0674/9614/9171/files/Press_release_Website_announcement_03.07.2024.pdf?v=1724828247
Press_Release-12.08.2024,https://cdn.shopify.com/s/files/1/0674/9614/9171/files/Press_Release-12.08.2024.pdf?v=1726816228
Press_Release-20.08.2024.pdf,https://cdn.shopify.com/s/files/1/0674/9614/9171/files/Press_Realease-20.08.2024.pdf?v=1726816229
Press_Release_-_03.10.2024,https://cdn.shopify.com/s/files/1/0674/9614/9171/files/Press_Release_-_03.10.2024.pdf?v=1728298103
Press_Release_13.11.2024,https://cdn.shopify.com/s/files/1/0674/9614/9171/files/Press_Release_13.11.2024.pdf?v=1731501216
Press_Release_-_27.11.2024,https://cdn.shopify.com/s/files/1/0674/9614/9171/files/Press_Release_-_27.11.2024.pdf?v=1732862291
Press_Release_12.12.2024.pdf,https://cdn.shopify.com/s/files/1/0653/9830/9053/files/Press_Release_12.12.2024.pdf?v=1734000321
Press_Release_23.12.2024.pdf,https://cdn.shopify.com/s/files/1/0674/9614/9171/files/Press_Release_23.12.2024.pdf?v=1735637988
Press_Release_28.10.2024,https://cdn.shopify.com/s/files/1/0674/9614/9171/files/Press_Release_28.10.2024.pdf?v=1762345518
Press_Release_29.10.2024,https://cdn.shopify.com/s/files/1/0674/9614/9171/files/Press_Release_29.10.2024.pdf?v=1762345518
Press_Release_22.11.2024,https://cdn.shopify.com/s/files/1/0674/9614/9171/files/Press_Release_22.11.2024.pdf?v=1762345518
Press Release-13.02.2025,https://cdn.shopify.com/s/files/1/0674/9614/9171/files/Press_Release-13.02.2025.pdf?v=1762345518
Press_Release_07-01-2025,https://cdn.shopify.com/s/files/1/0653/9830/9053/files/Press_Release_07-01-2025_1.pdf?v=1736488042
Press_Release_29-01-2025,https://cdn.shopify.com/s/files/1/0653/9830/9053/files/Press_Release_29-01-2025_1.pdf?v=1738234550
Press_Release_HEALTHCARE CENTRE_26-04-2025,https://cdn.shopify.com/s/files/1/0636/5226/6115/files/PRESS_RELEASE_-_HEALTHCARE_CENTER_26.04.2025.pdf?v=1745906836
Press Release-30.05.2025,https://cdn.shopify.com/s/files/1/0674/9614/9171/files/Press_Release-30.05.2025.pdf?v=1762345746
Press_Release 09/06/2025,https://cdn.shopify.com/s/files/1/0653/9830/9053/files/Press_Release_upload.pdf?v=1757936348
Press_Release 20/06/2025,https://cdn.shopify.com/s/files/1/0653/9830/9053/files/Press_Release.pdf?v=1757936348
Press_Release 01/07/2025,https://cdn.shopify.com/s/files/1/0653/9830/9053/files/Upload_Press_Release.pdf?v=1757936348
Press_Release 11/07/2025,https://cdn.shopify.com/s/files/1/0653/9830/9053/files/Press_Release_11.07.2025.pdf?v=1757936348
Press_Release 03/09/2025,https://cdn.shopify.com/s/files/1/0653/9830/9053/files/PR_Uploaded.pdf?v=1757936348
Press_Release 22/09/2025,https://cdn.shopify.com/s/files/1/0653/9830/9053/files/Covering_letter_Press_Release__22.09.2025.pdf?v=1758603465
Press Release _24.09.2025,https://cdn.shopify.com/s/files/1/0636/5226/6115/files/Press_Release__24.09.2025.pdf?v=1758717243
Press Release 04/10/2025,https://cdn.shopify.com/s/files/1/0636/5226/6115/files/Covering_Letter_for_Press_Release__upload.pdf?v=1759575210
Press Release_13_11_2025,https://cdn.shopify.com/s/files/1/0653/9830/9053/files/Press_Release_13_11_2025.pdf?v=1763106770
Press_Release-17.11.2025,https://cdn.shopify.com/s/files/1/0674/9614/9171/files/Press_release_17.11.2025.pdf?v=1763377855
Press_Release-06.12.2025,https://cdn.shopify.com/s/files/1/0653/9830/9053/files/Press_Release-06.12.2025.pdf?v=1765176620
Press_Release_24.04.2026,https://cdn.shopify.com/s/files/1/0653/9830/9053/files/Press_Release_24.04.2026.pdf?v=1777098032
Press_Release_08.05.2026,https://cdn.shopify.com/s/files/1/0653/9830/9053/files/Press_Release_08.05.2026.pdf?v=1778307835
Press_Release_29.05.2026,https://cdn.shopify.com/s/files/1/0653/9830/9053/files/Press_Realease_29.05.2026.pdf?v=1781589588
Policy_on_Nomination_Remuneration,https://cdn.shopify.com/s/files/1/0653/9830/9053/files/Policy_on_Nomination_Remuneration.pdf?v=1778305453
Policy_on_Prevention_of_Insider_Trading,https://cdn.shopify.com/s/files/1/0653/9830/9053/files/Policy_on_Prevention_of_Insider_Trading.pdf?v=1778305452
Policy_on_Board_Evaluation,https://cdn.shopify.com/s/files/1/0653/9830/9053/files/Policy_on_Board_Evaluation.pdf?v=1778305452
Policy_on_determining_Material_Subsidiaries,https://cdn.shopify.com/s/files/1/0653/9830/9053/files/Policy_on_determining_Material_Subsidiaries.pdf?v=1778305452
Policy_on_Tax,https://cdn.shopify.com/s/files/1/0653/9830/9053/files/Policy_on_Tax.pdf?v=1778305452
Policy_on_Terms_conditions_of_Appointment_of_Independent_Directors,https://cdn.shopify.com/s/files/1/0653/9830/9053/files/Policy_on_Terms_conditions_of_Appointment_of_Independent_Directors.pdf?v=1778305453
Policy_on_dealing_with_related_party_transactions,https://cdn.shopify.com/s/files/1/0653/9830/9053/files/Policy_on_dealing_with_related_party_transactions.pdf?v=1778305452
Aayush_ESOP_scheme_2024,https://cdn.shopify.com/s/files/1/0653/9830/9053/files/Aayush_ESOP_scheme_2024.pdf?v=1778305452
Policy_on_Prevention_of_Sexual_Harrassment_of_women_at_workplace,https://cdn.shopify.com/s/files/1/0653/9830/9053/files/Policy_on_Prevention_of_Sexual_Harrassment_of_women_at_workplace.pdf?v=1778305452
Policy_on_Code_of_Conduct_of_Board_of_Directors_and_Senior_Management_Personnel,https://cdn.shopify.com/s/files/1/0653/9830/9053/files/Policy_on_Code_of_Conduct_of_Board_of_Directors_and_Senior_Management_Personnel.pdf?v=1778305452
Policy_on_Risk_Management,https://cdn.shopify.com/s/files/1/0653/9830/9053/files/Policy_on_Risk_Management.pdf?v=1778305452
Policy_on_Vigil_Mechanism_Whistle_Blower,https://cdn.shopify.com/s/files/1/0653/9830/9053/files/Policy_on_Vigil_Mechanism_Whistle_Blower.pdf?v=1778305452
Policy_on_Preservation_of_Documents_and_Archival,https://cdn.shopify.com/s/files/1/0653/9830/9053/files/Policy_on_Preservation_of_Documents_and_Archival.pdf?v=1778305452
Policy_For_Determination_of_Materiality_of_Events_and_Information,https://cdn.shopify.com/s/files/1/0653/9830/9053/files/Policy_For_Determination_of_Materiality_of_Events_and_Information.pdf?v=1778305452
Policy_on_Criteria_of_making_Payment_to_Non-Executive_Directors,https://cdn.shopify.com/s/files/1/0653/9830/9053/files/Policy_on_Criteria_of_making_Payment_to_Non-Executive_Directors.pdf?v=1778305452
Policy_on_Familiarization_Programme_for_IDs,https://cdn.shopify.com/s/files/1/0653/9830/9053/files/Policy_on_Familiarization_Programme_for_IDs.pdf?v=1778305452
Policy_on_Appointment_and_Remuneration_of_Directors,https://cdn.shopify.com/s/files/1/0653/9830/9053/files/Policy_on_Appointment_and_Remuneration_of_Directors.pdf?v=1778305452
Update-08.05.2024,https://cdn.shopify.com/s/files/1/0674/9614/9171/files/Update-08.05.2024.pdf?v=1726816247
Update_on_Change_of_Name_of_the_company-19.06.2024,https://cdn.shopify.com/s/files/1/0674/9614/9171/files/Update_on_Change_of_Name_of_the_company-19.06.2024.pdf?v=1726816247
Update_on_change_in_website_of_the_Company-22.06.2024,https://cdn.shopify.com/s/files/1/0674/9614/9171/files/Update_on_change_in_website_of_the_Company-22.06.2024.pdf?v=1726816247
Update-24.06.2024,https://cdn.shopify.com/s/files/1/0674/9614/9171/files/Update-24.06.2024.pdf?v=1726816247
Intimation of Record Date & Split 24.07.2024,https://cdn.shopify.com/s/files/1/0674/9614/9171/files/Intimation_of_Record_Date_Split_24.07.2024_3e95289a-1d06-4d5e-8554-2e0f1dfde027.pdf?v=1724828936
Update-16.08.2024,https://cdn.shopify.com/s/files/1/0674/9614/9171/files/Update-16.08.2024.pdf?v=1726816247
Update-20.08.2024,https://cdn.shopify.com/s/files/1/0674/9614/9171/files/Update-20.08.2024.pdf?v=1726816248
Proceedings_of_AGM_2024,https://cdn.shopify.com/s/files/1/0674/9614/9171/files/Proceedings_of_AGM_2024.pdf?v=1728298502
Intimation_Record_Date_for_Bonus_Issue,https://cdn.shopify.com/s/files/1/0674/9614/9171/files/Intimation_Record_Date_for_Bonus_Issue_1.pdf?v=1735637809
Intimation_of_WOS_1,https://cdn.shopify.com/s/files/1/0653/9830/9053/files/Intimation_of_WOS_1.pdf?v=1736488042
Reg_30 Announcement for subsidiary incorporation _upload,https://cdn.shopify.com/s/files/1/0636/5226/6115/files/Reg_30_Announcement_for_subsidiary_incorporation__upload.pdf?v=1759575212
BM Postponment for AFR_31.03.2025 dated 29.05.2025,https://cdn.shopify.com/s/files/1/0674/9614/9171/files/BM_Postponment_for_AFR_31.03.2025_dated_29.05.2025.pdf?v=17623465692
Intimation for Promoter reclassification 07.08.2025,https://cdn.shopify.com/s/files/1/0674/9614/9171/files/Intimation_for_Promoter_reclassification_07.08.2025.pdf?v=1762346570
Intimation for Resignation of Statutory Auditor 14.08.2025,https://cdn.shopify.com/s/files/1/0674/9614/9171/files/Intimation_for_Resignation_of_Statutory_Auditor_14.08.2025.pdf?v=1762346571
Intimation for Incorpotation of WOS 28.08.2025,https://cdn.shopify.com/s/files/1/0674/9614/9171/files/Intimation_for_Incorpotation_of_WOS_28.08.2025.pdf?v=1762346570
Reg 30 Intimation for Appointment of Auditor 04.09.2025,https://cdn.shopify.com/s/files/1/0674/9614/9171/files/Reg_30_Intimation_for_Appointment_of_Auditor_04.09.2025.pdf?v=1762346573
Reg_30_RO_Shifting of 19.12.2025,https://cdn.shopify.com/s/files/1/0653/9830/9053/files/Reg_30_RO_Shifting.pdf?v=1766149783
Reg 30 RO Shifting revised 26.12.2025,https://cdn.shopify.com/s/files/1/0653/9830/9053/files/Reg_30_RO_Shifting_revised.pdf?v=1768036343
Reg 30 ESOP Grant letters 07.01.2026,https://cdn.shopify.com/s/files/1/0674/9614/9171/files/Reg_30_ESOP_Grant_letters_1.pdf?v=1767856309
Intimation_of_Incorporation_of_Singapore_Wholly_Owned_Subsidiary-04.10.2025,https://cdn.shopify.com/s/files/1/0653/9830/9053/files/Intimation_of_Incorporation_of_Singapore_Wholly_Owned_Subsidiary-04.10.2025.pdf?v=1771319205
Resignation_of_Statutory_Auditor_14.02.2026,https://cdn.shopify.com/s/files/1/0653/9830/9053/files/Resignation_of_Statutory_Auditor_14.02.2026.pdf?v=1771319206
CGR Non-applicability Letter 10,https://cdn.shopify.com/s/files/1/0674/9614/9171/files/CGR_Non_applicability_letter_37015436-8bb5-4253-a920-31c40b075609.pdf?v=1724846086
IGR 11,https://cdn.shopify.com/s/files/1/0674/9614/9171/files/IGR_876654ff-c9a4-4655-8ecb-e945b511a37b.pdf?v=1724846086
Reg 745 16,https://cdn.shopify.com/s/files/1/0674/9614/9171/files/Reg_74_5_d9403bc7-81a1-439d-8f88-3c9ecac31a64.pdf?v=1724846086
Reg 76 17,https://cdn.shopify.com/s/files/1/0674/9614/9171/files/Reg_76_661dd480-fe6e-47e4-b020-94d6278d1e62.pdf?v=1724846086
SHP 17,https://cdn.shopify.com/s/files/1/0674/9614/9171/files/SHP_2a99fc7f-73db-4bb0-aea2-aebe9fce2a9b.pdf?v=1724846086
UFR 14,https://cdn.shopify.com/s/files/1/0674/9614/9171/files/UFR_50198c16-f846-4eea-b990-0d678d5f6b79.pdf?v=1724846086
CGR Non-applicability Letter 11,https://cdn.shopify.com/s/files/1/0674/9614/9171/files/CGR_Non_applicability_letter_b3ac7551-f2a0-420d-81fa-ed57464293a7.pdf?v=1724846293
IGR 12,https://cdn.shopify.com/s/files/1/0674/9614/9171/files/IGR_eb403257-5e41-42ab-b914-787e7af2b016.pdf?v=1724846293
Reg 73 4,https://cdn.shopify.com/s/files/1/0674/9614/9171/files/Reg_7_3_00cb2c32-dd0a-45dc-b533-dc698057287f.pdf?v=1724846293
Reg 409 4,https://cdn.shopify.com/s/files/1/0674/9614/9171/files/Reg_40_9_5de5bc2e-dd95-4ba9-a5bf-85d412907ddf.pdf?v=1724846293
Reg 745 17,https://cdn.shopify.com/s/files/1/0674/9614/9171/files/Reg_74_5_d954bcef-be01-4b93-8a30-4fe8b43f8806.pdf?v=1724846294
Reg 76 18,https://cdn.shopify.com/s/files/1/0674/9614/9171/files/Reg_76_23cc6d02-7c62-4ccc-94f9-194273ac855d.pdf?v=1724846293
SHP 18,https://cdn.shopify.com/s/files/1/0674/9614/9171/files/SHP_65691a6d-6b74-43a9-8bcd-ec08655c9890.pdf?v=1724846293
UFR 15,https://cdn.shopify.com/s/files/1/0674/9614/9171/files/UFR_b90dacd2-93c0-4799-b866-ca3c36086c76.pdf?v=1724846296
CGR Non-Applicability Letter 6,https://cdn.shopify.com/s/files/1/0674/9614/9171/files/CGR_Non_Applicability_letter_4a34b1bd-8fa9-40bf-807e-eb2756f6cead.pdf?v=1724846894
IGR 13,https://cdn.shopify.com/s/files/1/0674/9614/9171/files/IGR_d70dce4d-7399-48b1-8890-f1d8a9bd4ae6.pdf?v=1724846894
Reg 745 18,https://cdn.shopify.com/s/files/1/0674/9614/9171/files/Reg_74_5_14c17821-caeb-4128-bcae-200d13829f86.pdf?v=1724846894
Reg 76 19,https://cdn.shopify.com/s/files/1/0674/9614/9171/files/Reg_76_67d381c9-da4f-4c8a-ae7b-6099e3b607df.pdf?v=1724846894
SHP 19,https://cdn.shopify.com/s/files/1/0674/9614/9171/files/SHP_97d37564-5e8a-4896-974a-e9232a1eac8d.pdf?v=1724846894
UFR 16,https://cdn.shopify.com/s/files/1/0674/9614/9171/files/UFR_ccc2e1f0-b71d-4cc9-9863-5c9e6155bd91.pdf?v=1724846895
AFR 3,https://cdn.shopify.com/s/files/1/0674/9614/9171/files/AFR_aa4a5318-68cc-44f9-aa01-3918d5a8dc70.pdf?v=1724847068
CGR Non-applicability Letter 12,https://cdn.shopify.com/s/files/1/0674/9614/9171/files/CGR_Non_applicability_letter_ee46401a-6f5a-42e3-b8cc-2a7d0aca9d35.pdf?v=1724847064
IGR 14,https://cdn.shopify.com/s/files/1/0674/9614/9171/files/IGR_ef24461c-97e4-4f46-aa48-f7f6f20a754b.pdf?v=1724847065
Reg 73 5,https://cdn.shopify.com/s/files/1/0674/9614/9171/files/Reg_7_3_ccb993a4-133d-405f-aa04-9214f5a809b1.pdf?v=1724847065
Reg 409 5,https://cdn.shopify.com/s/files/1/0674/9614/9171/files/Reg_40_9_98a8e58c-ede8-4718-bb83-d0fe0f6d8790.pdf?v=1724847065
Reg 745 19,https://cdn.shopify.com/s/files/1/0674/9614/9171/files/Reg_74_5_e852fb93-6037-4d41-a10b-a22c90d43a94.pdf?v=1724847065
Reg 76 20,https://cdn.shopify.com/s/files/1/0674/9614/9171/files/Reg_76_0cc9aa4b-3632-4e02-b168-01fcafdb5059.pdf?v=1724847065
Revised AFR,https://cdn.shopify.com/s/files/1/0674/9614/9171/files/Revised_AFR_20893679-e9d4-4325-985b-d4edef6719da.pdf?v=1724847069
SHP 20,https://cdn.shopify.com/s/files/1/0674/9614/9171/files/SHP_3baf8dff-007f-4bf9-b911-b889e6398dc6.pdf?v=1724847064
CGR Non-applicability Letter 1,https://cdn.shopify.com/s/files/1/0674/9614/9171/files/CGR_Non_applicability_letter_d7355260-10bb-4ff7-97d3-45a404bed069.pdf?v=1724849573
IGR 1,https://cdn.shopify.com/s/files/1/0674/9614/9171/files/IGR_1cf66d43-5553-4cef-af4d-9aae2c33d35e.pdf?v=1724849573
Reg 745 1,https://cdn.shopify.com/s/files/1/0674/9614/9171/files/Reg_74_5_a4c68124-3f25-4333-925e-987bf3505109.pdf?v=1724849573
Reg 76 1,https://cdn.shopify.com/s/files/1/0674/9614/9171/files/Reg_76_415e11c2-2b1e-494c-842a-5cf0a6a32f94.pdf?v=1724849575
SHP 1,https://cdn.shopify.com/s/files/1/0674/9614/9171/files/SHP_d0488c0d-f6e7-4e58-9a9c-4ac74f4839d9.pdf?v=1724849573
UFR 1,https://cdn.shopify.com/s/files/1/0674/9614/9171/files/UFR_c15fff1a-127c-400b-8ca1-6c0ee58810fc.pdf?v=1724849576
CGR Non-Applicability Letter,https://cdn.shopify.com/s/files/1/0674/9614/9171/files/CGR_Non_applicability_letter_03d0fd45-78c8-4654-ab05-7f2758dc0279.pdf?v=1724849701
IGR 2,https://cdn.shopify.com/s/files/1/0674/9614/9171/files/IGR_5fb0346d-22ab-4328-bfa0-275adfd243c2.pdf?v=1724849702
Reg 76 2,https://cdn.shopify.com/s/files/1/0674/9614/9171/files/Reg_76_1b229ef8-9736-46f5-9064-3e8b87580c77.pdf?v=1724849703
SHP 2,https://cdn.shopify.com/s/files/1/0674/9614/9171/files/SHP_a30ca529-ce56-4b7d-b591-bc5156e6461b.pdf?v=1724849701
UFR 2,https://cdn.shopify.com/s/files/1/0674/9614/9171/files/UFR_d7d8cc93-4e29-4754-a640-c7b1241eed26.pdf?v=1724849702
CGR Non-applicability Letter 2,https://cdn.shopify.com/s/files/1/0674/9614/9171/files/CGR_Non_applicability_letter_7db6d49f-2553-4713-8247-629d0f3db5b9.pdf?v=1724849907
IGR 3,https://cdn.shopify.com/s/files/1/0674/9614/9171/files/IGR_b7376fc8-9f4c-411b-8a05-def02dd858c2.pdf?v=1724849907
Reg 745 2,https://cdn.shopify.com/s/files/1/0674/9614/9171/files/Reg_74_5_37674bb2-f1b6-4773-b1af-55b6e2e6d3ab.pdf?v=1724849907
Reg 76 3,https://cdn.shopify.com/s/files/1/0674/9614/9171/files/Reg_76_7afbfb4d-2844-497e-84b3-0a20bd2d195b.pdf?v=1724849908
SHP 3,https://cdn.shopify.com/s/files/1/0674/9614/9171/files/SHP_7ed04e41-c082-41d7-87c6-544d2e1ab06a.pdf?v=1724849907
UFR 3,https://cdn.shopify.com/s/files/1/0674/9614/9171/files/UFR_bddcabbb-c22a-48f9-a466-76f7faffe7d7.pdf?v=1724849907
IGR 4,https://cdn.shopify.com/s/files/1/0674/9614/9171/files/IGR_bd28c0b2-5c2d-49bd-9b68-2b61cb31e84f.pdf?v=1724850138
Reg 73,https://cdn.shopify.com/s/files/1/0674/9614/9171/files/Reg_7_3_08b7790a-80cc-4237-a233-1c0d8ec63b77.pdf?v=1724850138
Reg 409,https://cdn.shopify.com/s/files/1/0674/9614/9171/files/Reg_40_9_a50246bb-66c6-4844-8a06-7e0ec051c9f2.pdf?v=1724850139
Reg 745 3,https://cdn.shopify.com/s/files/1/0674/9614/9171/files/Reg_74_5_c3813f55-1936-43df-8b4a-7f88599b8d26.pdf?v=1724850138
Reg 76 4,https://cdn.shopify.com/s/files/1/0674/9614/9171/files/Reg_76_5b4fba95-1088-4a57-9433-99b5093ef503.pdf?v=1724850139
SHP 4,https://cdn.shopify.com/s/files/1/0674/9614/9171/files/SHP_82436a09-1e7e-483e-a1e4-50b21510a98b.pdf?v=1724850138
CGR Non-applicability Letter,https://cdn.shopify.com/s/files/1/0674/9614/9171/files/CGR_Non_Applicability_letter_ba12e93d-be08-4082-a283-816cc3078a81.pdf?v=1724911572
IGR,https://cdn.shopify.com/s/files/1/0674/9614/9171/files/IGR_d1a3e4b8-afb1-4370-a164-95f878a0e3c3.pdf?v=1724911572
Reg 745 6,https://cdn.shopify.com/s/files/1/0674/9614/9171/files/Reg_76_551e5a45-4a41-4f6b-970d-62cf78adae06.pdf?v=1724911574
Rpt,https://cdn.shopify.com/s/files/1/0674/9614/9171/files/RPT_53d6ace7-db16-4af5-a2b5-e29b8ec4053e.pdf?v=1724911572
SHP 7,https://cdn.shopify.com/s/files/1/0674/9614/9171/files/SHP_1fd6b70d-bbb5-423b-92a4-f6f4addac24a.pdf?v=1724911572
UFR 6,https://cdn.shopify.com/s/files/1/0674/9614/9171/files/UFR_a10e595d-7bbe-4626-a236-64572b05fe97.pdf?v=1724911574
CGR Non-Applicability Letter 3,https://cdn.shopify.com/s/files/1/0674/9614/9171/files/CGR_Non_applicability_letter_a60b3ac6-ed32-4181-bcb1-c81d8bcfd0ef.pdf?v=1724913346
IGR,https://cdn.shopify.com/s/files/1/0674/9614/9171/files/IGR_448ba8e0-d1fe-4eda-a91b-9eb50c068d87.pdf?v=1724913346
Rpt,https://cdn.shopify.com/s/files/1/0674/9614/9171/files/RPT_ce4c2744-bd89-4366-aa76-fe3b2bd8d9e7.pdf?v=1724913345
Reg 745 7,https://cdn.shopify.com/s/files/1/0674/9614/9171/files/Reg_74_5_ab4c8e04-ae1e-4667-87c7-6657f20a231e.pdf?v=1724913346
Reg 76 8,https://cdn.shopify.com/s/files/1/0674/9614/9171/files/Reg_76_2565d23b-f175-4381-8719-cf987283406a.pdf?v=1724913347
SHP 8,https://cdn.shopify.com/s/files/1/0674/9614/9171/files/SHP_4ce013d8-c495-495f-ba25-ccf877dd7dd3.pdf?v=1724913346
UFR 7,https://cdn.shopify.com/s/files/1/0674/9614/9171/files/UFR_24ce662b-5429-499d-8b00-e33ec34544c0.pdf?v=1724913347
CGR Non-applicability Letter,https://cdn.shopify.com/s/files/1/0674/9614/9171/files/CGR_Non_applicability_letter_6817d4e6-0b73-469e-813e-230e7b80cb23.pdf?v=1724913789
IGR,https://cdn.shopify.com/s/files/1/0674/9614/9171/files/IGR_c150f21a-72c8-4c17-a487-562db5553275.pdf?v=1724913788
Reg 76,https://cdn.shopify.com/s/files/1/0674/9614/9171/files/Reg_76_b4bf7a59-c846-47f3-abcd-09efa9626490.pdf?v=1724913791
Reg 409,https://cdn.shopify.com/s/files/1/0674/9614/9171/files/Reg_40_9_3aba94fd-fbb5-4f83-aa49-62f753c3d8b0.pdf?v=1724913790
Reg 745 8,https://cdn.shopify.com/s/files/1/0674/9614/9171/files/Reg_74_5_753e8691-1aa4-41f2-8083-20ea65a2e46d.pdf?v=1724913789
SHP 9,https://cdn.shopify.com/s/files/1/0674/9614/9171/files/SHP_3cae6e02-2215-47fe-80f0-48fa8dac8d67.pdf?v=1724913789
Rpt,https://cdn.shopify.com/s/files/1/0674/9614/9171/files/RPT_0b9aa187-646c-422c-abf0-fd5cff78be0a.pdf?v=1724913787
CGR Non-applicability Letter,https://cdn.shopify.com/s/files/1/0674/9614/9171/files/CGR_Non_Applicability_letter_0ec64a3c-ccc6-40f4-8d7a-e086af00fdac.pdf?v=1724914520
IGR,https://cdn.shopify.com/s/files/1/0674/9614/9171/files/IGR_8a9b0a9e-00b5-4363-b35b-3d8bbc066ec3.pdf?v=1724914520
Reg 745 9,https://cdn.shopify.com/s/files/1/0674/9614/9171/files/Reg_74_5_82bcddbf-ab2e-499c-bb7e-958c3d3bda03.pdf?v=1724914520
Reg 76 10,https://cdn.shopify.com/s/files/1/0674/9614/9171/files/Reg_76_b3d2dedb-767d-409f-8f16-8de0bedee591.pdf?v=1724914523
SHP 10,https://cdn.shopify.com/s/files/1/0674/9614/9171/files/SHP_d81e9d29-0052-4b87-9c87-2364024da054.pdf?v=1724914521
UFR 9,https://cdn.shopify.com/s/files/1/0674/9614/9171/files/UFR_6b7324c0-216c-4de0-af4f-7c72533acb62.pdf?v=1724914526
CGR Non-applicability Letter,https://cdn.shopify.com/s/files/1/0674/9614/9171/files/CGR_Non_Applicability_letter_22894e86-f341-4251-b805-bef91e8ecad7.pdf?v=1724914815
IGR MSEI,https://cdn.shopify.com/s/files/1/0674/9614/9171/files/IGR_MSEI.pdf?v=1724914815
IGR BSE,https://cdn.shopify.com/s/files/1/0674/9614/9171/files/IGR_BSE.pdf?v=1724914814
Reg 76 11,https://cdn.shopify.com/s/files/1/0674/9614/9171/files/Reg_76_a89e44ab-c066-4dc8-b251-af46f822f5c3.pdf?v=1724914816
Reg 74,https://cdn.shopify.com/s/files/1/0674/9614/9171/files/Reg_74_5_6f2e7299-18a6-4a72-9829-6a843c084046.pdf?v=1724914815
SHP 11,https://cdn.shopify.com/s/files/1/0674/9614/9171/files/SHP_d02d3e20-9799-41c6-9885-c1da66c4df4b.pdf?v=1724914816
UFR 10,https://cdn.shopify.com/s/files/1/0674/9614/9171/files/UFR_644faf06-acfd-4d5a-8e60-b73462d0e8ad.pdf?v=1724914817
Non Applicability of Related Part Transaction,https://cdn.shopify.com/s/files/1/0674/9614/9171/files/Non-Applicability_of_Related_Party_Transaction.pdf?v=1724914815
CGR Non-applicability Letter,https://cdn.shopify.com/s/files/1/0674/9614/9171/files/CGR_Non_applicability_letter_2cdff871-efda-44bb-a936-a2d1a3af0d0e.pdf?v=1724916085
IGR MSEI,https://cdn.shopify.com/s/files/1/0674/9614/9171/files/IGR_MSEI_0e27144d-387a-45bf-9343-d5ba59d1f822.pdf?v=1724916085
IGR BSE,https://cdn.shopify.com/s/files/1/0674/9614/9171/files/IGR_BSE_4bca936d-2947-4fd1-88b5-37c30b682e95.pdf?v=1724916083
Reg 76 11,https://cdn.shopify.com/s/files/1/0674/9614/9171/files/Reg_76_09820989-8014-4042-ac99-58d4c298fd05.pdf?v=1724916087
Reg 74,https://cdn.shopify.com/s/files/1/0674/9614/9171/files/Reg_74_5_474ecd2f-245f-4816-8f07-52eec38d1f80.pdf?v=1724916085
SHP 11,https://cdn.shopify.com/s/files/1/0674/9614/9171/files/SHP_e6595bee-ab45-47b9-8dc6-84dc3a440a11.pdf?v=1724916085
UFR 10,https://cdn.shopify.com/s/files/1/0674/9614/9171/files/UFR_a8a41958-ef7b-48df-827b-1ad04308288a.pdf?v=1724916088
CGR Non-applicability Letter,https://cdn.shopify.com/s/files/1/0674/9614/9171/files/CGR_Non_Applicability_letter_45709d53-3fbf-4ccd-b6ba-616a4192f2c3.pdf?v=1724916647
IGR MSEI,https://cdn.shopify.com/s/files/1/0674/9614/9171/files/IGR_MSEI_50cfabe3-833c-40df-8230-4d318148004a.pdf?v=1724916647
IGR BSE,https://cdn.shopify.com/s/files/1/0674/9614/9171/files/IGR_BSE_09e8f318-975e-4a24-8251-409d6c84096d.pdf?v=1724916643
Reg 76 11,https://cdn.shopify.com/s/files/1/0674/9614/9171/files/Reg_76_7061a7ac-a410-4c1e-9209-477096eafe0e.pdf?v=1724916649
Reg 74,https://cdn.shopify.com/s/files/1/0674/9614/9171/files/Reg_74_5_6b452715-17ef-4b90-b5e4-5fa9197b2217.pdf?v=1724916647
Reg 73,https://cdn.shopify.com/s/files/1/0674/9614/9171/files/Reg_7_3_d43ec269-b10c-4d62-b070-8e7dbd76b092.pdf?v=1724916647
Reg 409,https://cdn.shopify.com/s/files/1/0674/9614/9171/files/Reg_40_9_edafdc10-2a4d-444f-ad1b-bfcb5acead25.pdf?v=1724916648
SHP 11,https://cdn.shopify.com/s/files/1/0674/9614/9171/files/SHP_6b672a87-9604-45f4-8fa2-022896517740.pdf?v=1724916644
AFR,https://cdn.shopify.com/s/files/1/0674/9614/9171/files/AFR_1e3c245e-e152-4f57-8438-0306cfb5233d.pdf?v=1724916650
Disclosure of large Corporate,https://cdn.shopify.com/s/files/1/0674/9614/9171/files/Disclosure_of_Large_Corporate.pdf?v=1724916647
Revised CGR Non Applicability Letter,https://cdn.shopify.com/s/files/1/0674/9614/9171/files/Revised_CGR_Non_Applicability_letter.pdf?v=1724916647
Non Applicability Rpt Disclosure,https://cdn.shopify.com/s/files/1/0674/9614/9171/files/Non_Applicability_RPT_disclosure.pdf?v=1724916647
CGR Non-applicability Letter,https://cdn.shopify.com/s/files/1/0674/9614/9171/files/CGR_Non_Applicability_letter_1a450ee0-24c8-4093-8788-45fa57e6d624.pdf?v=1724930196
IGR MSEI,https://cdn.shopify.com/s/files/1/0674/9614/9171/files/IGR_MSEI_22132ae5-8064-4acb-a8ff-8ade3dbb4ef2.pdf?v=1724930196
IGR BSE,https://cdn.shopify.com/s/files/1/0674/9614/9171/files/IGR_BSE_7b8bd057-0984-4a14-8df7-e99046f277d1.pdf?v=1724930195
Reg 76 11,https://cdn.shopify.com/s/files/1/0674/9614/9171/files/Reg_76_fdd63986-1940-4233-b31d-b0611f574a28.pdf?v=1724930196
Reg 74,https://cdn.shopify.com/s/files/1/0674/9614/9171/files/Reg_74_5_8294f9d6-0dcc-4a0c-9c56-95e0642c783c.pdf?v=1724930196
SHP 11,https://cdn.shopify.com/s/files/1/0674/9614/9171/files/SHP_5057c7d7-9010-4427-90a5-c1c8366df2bd.pdf?v=1724930195
UFR,https://cdn.shopify.com/s/files/1/0674/9614/9171/files/UFR_c84187eb-535b-4653-9037-5e9370a87e21.pdf?v=1724930196
CGR Non-applicability Letter,https://cdn.shopify.com/s/files/1/0674/9614/9171/files/CGR_Non_applicability_letter_12457fd9-bf68-4d06-8dfa-1d6c03cef19b.pdf?v=1724930726
IGR MSEI,https://cdn.shopify.com/s/files/1/0674/9614/9171/files/IGR_MSEI_953c599f-8b81-4926-8f40-c95ad3c61261.pdf?v=1724930726
IGR BSE,https://cdn.shopify.com/s/files/1/0674/9614/9171/files/IGR_BSE_d2bfb7e1-41fe-46e4-b1e3-22d344c61e60.pdf?v=1724930725
Reg 76 11,https://cdn.shopify.com/s/files/1/0674/9614/9171/files/Reg_76_85bea1f4-c118-4bd8-84aa-9cda693e16fb.pdf?v=1724930726
Reg 74,https://cdn.shopify.com/s/files/1/0674/9614/9171/files/Reg_74_5_c7ef474d-12e5-42ce-94f9-f73548a4b51b.pdf?v=1724930726
Rpt,https://cdn.shopify.com/s/files/1/0674/9614/9171/files/RPT_4b872c8a-9f02-456e-8760-13d6116ecbb9.pdf?v=1724930726
SHP 11,https://cdn.shopify.com/s/files/1/0674/9614/9171/files/SHP_bf93cd85-0f45-43ce-a5e0-53f298b646d9.pdf?v=1724930726
UFR,https://cdn.shopify.com/s/files/1/0674/9614/9171/files/UFR_fc831529-44fc-4c0d-bbff-2a35482d9cdc.pdf?v=1724930727
Revised CGR Non Applicability Letter,https://cdn.shopify.com/s/files/1/0674/9614/9171/files/Revised_CGR_Non_Applicability_letter_af3af8d3-1eb6-48ef-827f-df2bc0ebed2b.pdf?v=1724930726
CGR Non-applicability Letter,https://cdn.shopify.com/s/files/1/0674/9614/9171/files/CGR_Non_Applicability_letter_4d96f4df-67ca-47e5-adad-4529640e2fc5.pdf?v=1724931464
IGR MSEI,https://cdn.shopify.com/s/files/1/0674/9614/9171/files/IGR_MSEI_a1bee562-5360-4773-9a00-1911eedc5332.pdf?v=1724931464
IGR BSE,https://cdn.shopify.com/s/files/1/0674/9614/9171/files/IGR_BSE_e063c2bc-4afc-48a8-9977-adbccd6f6ea2.pdf?v=1724931463
Reg 76 11,https://cdn.shopify.com/s/files/1/0674/9614/9171/files/Reg_76_7d92e9c7-7786-4dab-ae11-4a6124732ef8.pdf?v=1724931464
Reg 74,https://cdn.shopify.com/s/files/1/0674/9614/9171/files/Reg_74_5_c2379701-89bb-4f61-816e-d6510b3c31a2.pdf?v=1724931464
SHP 11,https://cdn.shopify.com/s/files/1/0674/9614/9171/files/SHP_764bb62f-c450-491b-8c39-12e9fb8b551b.pdf?v=1724931464
UFR,https://cdn.shopify.com/s/files/1/0674/9614/9171/files/UFR_5ad1c708-3e56-4bcd-b064-97273f678edd.pdf?v=1724931465
UFR Revised,https://cdn.shopify.com/s/files/1/0674/9614/9171/files/UFR_Revised.pdf?v=1724931465
CGR Non-applicability Letter,https://cdn.shopify.com/s/files/1/0674/9614/9171/files/CGR_Non_Applicability_Letter_89b6360b-1636-4e36-b484-c1184b706ac1.pdf?v=1724931791
Reg 73,https://cdn.shopify.com/s/files/1/0674/9614/9171/files/Reg_7_3_00ada34e-e736-435d-a7b0-30ce96f18ba9.pdf?v=1724931791
Reg 24,https://cdn.shopify.com/s/files/1/0674/9614/9171/files/Reg_24A_Non_Applicability_letter.pdf?v=1724931791
Reg 40,https://cdn.shopify.com/s/files/1/0674/9614/9171/files/Reg_40_9_e6239da0-566c-4696-a585-49297c7c81fc.pdf?v=1724931792
Reg 76 11,https://cdn.shopify.com/s/files/1/0674/9614/9171/files/Reg_76_b9904a09-974b-4770-91db-5290376a0f36.pdf?v=1724931791
Reg 74,https://cdn.shopify.com/s/files/1/0674/9614/9171/files/Reg_74_5_715c4fc7-744c-4459-ac81-66a5903391dc.pdf?v=1724931791
SHP 11,https://cdn.shopify.com/s/files/1/0674/9614/9171/files/SHP_775f8f12-a501-4578-b124-7873bba3d89d.pdf?v=1724931792
IGR,https://cdn.shopify.com/s/files/1/0674/9614/9171/files/IGR_fb386d07-5f76-4187-8886-07da3864d43b.pdf?v=1724931789
Large Body Corporate Disclosure,https://cdn.shopify.com/s/files/1/0674/9614/9171/files/Large_body_corporate_disclosure.pdf?v=1724931791
CGR Non-applicability Letter,https://cdn.shopify.com/s/files/1/0674/9614/9171/files/CGR_Non_Applicability_letter_7a4c91a7-b795-472b-a9a1-adc4c00f1571.pdf?v=1724932667
IGR,https://cdn.shopify.com/s/files/1/0674/9614/9171/files/IGR_218d697f-a1f4-4e31-a28f-a21452494ffe.pdf?v=1724932666
Reg 76 11,https://cdn.shopify.com/s/files/1/0674/9614/9171/files/Reg_76_0f5603bc-57fa-4c60-ac28-a90b33e8b93f.pdf?v=1724932668
Reg 74,https://cdn.shopify.com/s/files/1/0674/9614/9171/files/Reg_74_5_9b7abdeb-587c-4a31-b8b7-76ebebb96ead.pdf?v=1724932667
SHP 11,https://cdn.shopify.com/s/files/1/0674/9614/9171/files/SHP_311614c0-499d-4a14-b177-32108ec0edc8.pdf?v=1724932667
CGR Non-applicability Letter,https://cdn.shopify.com/s/files/1/0674/9614/9171/files/CGR_Non_Applicability_Letter_e0cf67c7-cdab-4af6-9990-8b9bcfca11e9.pdf?v=1731501983
IGR,https://cdn.shopify.com/s/files/1/0674/9614/9171/files/IGR_3f9c1d6a-34c3-4f24-8057-aa0796654a89.pdf?v=1731501983
Reg 76,https://cdn.shopify.com/s/files/1/0674/9614/9171/files/76.pdf?v=1731501983
Reg 74,https://cdn.shopify.com/s/files/1/0674/9614/9171/files/74_5.pdf?v=1731501983
SHP,https://cdn.shopify.com/s/files/1/0674/9614/9171/files/SHP_ffdccf72-9b62-492b-9f56-1a9a984ef1c0.pdf?v=1731501982
Reg 74,https://cdn.shopify.com/s/files/1/0674/9614/9171/files/Reg_74.pdf?v=1737094063
Aayush_CGR_non_applicability_Letter,https://cdn.shopify.com/s/files/1/0653/9830/9053/files/Aayush_CGR_non_applicability_Letter.pdf?v=1738234243
SHP,https://cdn.shopify.com/s/files/1/0653/9830/9053/files/SHP.pdf?v=1738234243
Aayush_Reco_Upload,https://cdn.shopify.com/s/files/1/0653/9830/9053/files/Aayush_Reco_Upload_31.12.2024.pdf?v=1738234243
Aayush_Investor_Grievance,https://cdn.shopify.com/s/files/1/0653/9830/9053/files/Aayush_Investor_Grievance.pdf?v=1738234243
Aayush_Reco31-03-2025,https://cdn.shopify.com/s/files/1/0674/9614/9171/files/Aayush_Reco31032025.pdf?v=1762342999
CGR Non Applicability,https://cdn.shopify.com/s/files/1/0674/9614/9171/files/CGR_Non_Applicability.pdf?v=1762342998
Non Applicability Annual Secretarial Compliance Report,https://cdn.shopify.com/s/files/1/0674/9614/9171/files/Non_Applicability_Annual_Secretarial_Compliance_Report.pdf?v=1762342998
Non Applicability Initial Disclosure to be made by an entity identified as a Large Corporate,https://cdn.shopify.com/s/files/1/0674/9614/9171/files/Non_Applicability_Initial_Disclosure_to_be_made_by_an_entity_identified_as_a_Large_Corporate.pdf?v=1762342999
Regulation 74(5),https://cdn.shopify.com/s/files/1/0674/9614/9171/files/Regulation_74_5.pdf?v=1762342999
SHP 31 March 2025,https://cdn.shopify.com/s/files/1/0674/9614/9171/files/SHP_31_March_2025.pdf?v=1762343095
Regulation 75(5),https://cdn.shopify.com/s/files/1/0674/9614/9171/files/Certificate_under_74_5__Upload.pdf?v=1752237125
SHP-30-06-2025,https://cdn.shopify.com/s/files/1/0636/5226/6115/files/SHP_30.06.2025.pdf?v=1752737430
Aayush Integrated,https://cdn.shopify.com/s/files/1/0674/9614/9171/files/Aayush_Integrated.html.pdf?v=1753337042
Aayush reco,https://cdn.shopify.com/s/files/1/0674/9614/9171/files/Aayush_reco_upload.pdf?v=1753337045
CGR Non Applicability Letter,https://cdn.shopify.com/s/files/1/0674/9614/9171/files/CGR_Non_Applicability_Letter_9aadafb6-6c35-4521-866f-a588cb53c0f6.pdf?v=1753337047
Covering Letter 74(5)_30.09 _Upload,https://cdn.shopify.com/s/files/1/0636/5226/6115/files/Covering_Letter_74_5__30.09__Upload.pdf?v=1760447578
Aayush SHP 30.09.2025,https://cdn.shopify.com/s/files/1/0674/9614/9171/files/Aayush_SHP_30.09.2025_1.pdf?v=1762243500
Reco_upload_30.09.2025,https://cdn.shopify.com/s/files/1/0636/5226/6115/files/Reco_upload_30.09.2025.pdf?v=1761655558
Covering Letter Non Applicability CGR,https://cdn.shopify.com/s/files/1/0636/5226/6115/files/Covering_Letter_Non_Applicability_CGR.pdf?v=1761655634
AWL_IGR_30.09.2025,https://cdn.shopify.com/s/files/1/0674/9614/9171/files/AWL_IGR_30.09.2025_1.pdf?v=1762243085
UFR 30.09.2025,https://cdn.shopify.com/s/files/1/0653/9830/9053/files/UFR_30.09.2025.pdf?v=1763106798
Regulation 74(5) Dec 25,https://cdn.shopify.com/s/files/1/0653/9830/9053/files/Reg_74_5_Dec_25.pdf?v=1768037509
Regulation 76 Dec 25,https://cdn.shopify.com/s/files/1/0653/9830/9053/files/Reg_76_Dec_25.pdf?v=1768633281
CGR Non Applicability Dec 25,https://cdn.shopify.com/s/files/1/0653/9830/9053/files/CGR_Non_Applicability_Dec_25_1.pdf?v=1768904486
Shareholding Pattern Dec 25,https://cdn.shopify.com/s/files/1/0653/9830/9053/files/Shareholding_Pattern_Dec_25_2.pdf?v=1768905063
Integrated Governance.xlsm Dec 25,https://cdn.shopify.com/s/files/1/0653/9830/9053/files/Integrated_Governance.xlsm_Dec_25.pdf?v=1770096378
UFR 31.12.2025,https://cdn.shopify.com/s/files/1/0653/9830/9053/files/UFR_31.12.2025.pdf?v=1770968573
Regulation 74(5) March 26,https://cdn.shopify.com/s/files/1/0653/9830/9053/files/Regulation_74_5_March_26.pdf?v=1776144919
Reg_76_March_26,https://cdn.shopify.com/s/files/1/0653/9830/9053/files/Reg_76_March_26.pdf?v=1776321186
Shareholding_Pattern_March_2026.,https://cdn.shopify.com/s/files/1/0653/9830/9053/files/Shareholding_Pattern_March_2026.pdf?v=1777098031
SDD_Compliance_Certificate_31_March_2026.,https://cdn.shopify.com/s/files/1/0653/9830/9053/files/SDD_Compliance_Certificate_31_March_2026.pdf?v=1777098032
Integrated_Governance.xlsm_March_2026,https://cdn.shopify.com/s/files/1/0653/9830/9053/files/Integrated_Governance.xlsm_March_2026.pdf?v=1777098316
CGR Non Applicability March 2026,https://cdn.shopify.com/s/files/1/0674/9614/9171/files/CGR_Non_Applicability_March_2026.pdf?v=1777357868
Initial_Disclosure_Non-applicability_as_Large_Corporate_FY_26,https://cdn.shopify.com/s/files/1/0653/9830/9053/files/Initial_Disclosure_Non-applicability_as_Large_Corporate_FY_26.pdf?v=1778305096
AFR_31.03.2026_1.pdf,https://cdn.shopify.com/s/files/1/0653/9830/9053/files/AFR_31.03.2026_1.pdf?v=1780139634
DLOF,https://cdn.shopify.com/s/files/1/0653/9830/9053/files/DLOF_1.pdf?v=1738130175
Interim dividend FY 2024-25 Sec 124(2),https://cdn.shopify.com/s/files/1/0674/9614/9171/files/Interim_dividend_FY_2024-25_Sec_124_2.pdf?v=1762344755
1st Interim dividend FY 2025-26 Sec 124(2),https://cdn.shopify.com/s/files/1/0674/9614/9171/files/1st_Interim_dividend_FY_2025-26_Sec_124_2.pdf?v=1762344764
MOA_Aaysuh_Wellness,https://cdn.shopify.com/s/files/1/0636/5226/6115/files/Final_Altered_MOA_Aaysuh_Wellness.pdf?v=1751542836
AOA_Aaysuh_Wellness,https://cdn.shopify.com/s/files/1/0636/5226/6115/files/Article_of_Association.pdf?v=1751542836
COMPOSITION OF BOARD OF DIRECTORS OF THE COMPANY,https://cdn.shopify.com/s/files/1/0653/9830/9053/files/Brief_Profile_of_all_Directors.pdf?v=1778306956
Composition_of_Committees_Terms_of_References,https://cdn.shopify.com/s/files/1/0653/9830/9053/files/Composition_of_Committees_Terms_of_References.pdf?v=1778307158
Investor Grievance,https://cdn.shopify.com/s/files/1/0674/9614/9171/files/Investor_Grievance_1.pdf?v=1763384987
Aayush Worldwide Private Limited Financial Statements 2024-25,https://cdn.shopify.com/s/files/1/0674/9614/9171/files/Aayush_Worldwide_Private_Limited_Financial_Statements_2024-25.pdf?v=1764151486
Aayush Health Sciences Private Limited Financial Statements 2024-25,https://cdn.shopify.com/s/files/1/0674/9614/9171/files/Aayush_Health_Sciences_Private_Limited_Financial_Statements_2024-25.pdf?v=1764151496
